frame_idx,timestamp_sec,nose_x,nose_y,nose_z,nose_visibility,left_eye_inner_x,left_eye_inner_y,left_eye_inner_z,left_eye_inner_visibility,left_eye_x,left_eye_y,left_eye_z,left_eye_visibility,left_eye_outer_x,left_eye_outer_y,left_eye_outer_z,left_eye_outer_visibility,right_eye_inner_x,right_eye_inner_y,right_eye_inner_z,right_eye_inner_visibility,right_eye_x,right_eye_y,right_eye_z,right_eye_visibility,right_eye_outer_x,right_eye_outer_y,right_eye_outer_z,right_eye_outer_visibility,left_ear_x,left_ear_y,left_ear_z,left_ear_visibility,right_ear_x,right_ear_y,right_ear_z,right_ear_visibility,mouth_left_x,mouth_left_y,mouth_left_z,mouth_left_visibility,mouth_right_x,mouth_right_y,mouth_right_z,mouth_right_visibility,left_shoulder_x,left_shoulder_y,left_shoulder_z,left_shoulder_visibility,right_shoulder_x,right_shoulder_y,right_shoulder_z,right_shoulder_visibility,left_elbow_x,left_elbow_y,left_elbow_z,left_elbow_visibility,right_elbow_x,right_elbow_y,right_elbow_z,right_elbow_visibility,left_wrist_x,left_wrist_y,left_wrist_z,left_wrist_visibility,right_wrist_x,right_wrist_y,right_wrist_z,right_wrist_visibility,left_pinky_x,left_pinky_y,left_pinky_z,left_pinky_visibility,right_pinky_x,right_pinky_y,right_pinky_z,right_pinky_visibility,left_index_x,left_index_y,left_index_z,left_index_visibility,right_index_x,right_index_y,right_index_z,right_index_visibility,left_thumb_x,left_thumb_y,left_thumb_z,left_thumb_visibility,right_thumb_x,right_thumb_y,right_thumb_z,right_thumb_visibility,left_hip_x,left_hip_y,left_hip_z,left_hip_visibility,right_hip_x,right_hip_y,right_hip_z,right_hip_visibility,left_knee_x,left_knee_y,left_knee_z,left_knee_visibility,right_knee_x,right_knee_y,right_knee_z,right_knee_visibility,left_ankle_x,left_ankle_y,left_ankle_z,left_ankle_visibility,right_ankle_x,right_ankle_y,right_ankle_z,right_ankle_visibility,left_heel_x,left_heel_y,left_heel_z,left_heel_visibility,right_heel_x,right_heel_y,right_heel_z,right_heel_visibility,left_foot_index_x,left_foot_index_y,left_foot_index_z,left_foot_index_visibility,right_foot_index_x,right_foot_index_y,right_foot_index_z,right_foot_index_visibility
0,0.0,0.42941850423812866,0.3197135925292969,-0.10243374854326248,0.9766548871994019,0.424657940864563,0.3009480834007263,-0.09119199961423874,0.972577691078186,0.41897085309028625,0.2999349534511566,-0.09219647943973541,0.9778717160224915,0.41310232877731323,0.29876837134361267,-0.09200035035610199,0.9862792491912842,0.42519819736480713,0.30057358741760254,-0.16591116786003113,0.9669873118400574,0.42009419202804565,0.2994641959667206,-0.16657136380672455,0.9724500775337219,0.4142530560493469,0.2983129024505615,-0.16688236594200134,0.9763059020042419,0.37793341279029846,0.29439136385917664,0.0044730608351528645,0.9925165772438049,0.37354767322540283,0.2948894500732422,-0.33304765820503235,0.9577093720436096,0.4070010483264923,0.3322555422782898,-0.048940982669591904,0.9781157374382019,0.4061726927757263,0.3317551612854004,-0.15164068341255188,0.9600226879119873,0.30688202381134033,0.37340861558914185,0.1355239748954773,0.9998806715011597,0.2887822985649109,0.37111833691596985,-0.4538358747959137,0.999138593673706,0.32628557085990906,0.5016683340072632,0.16354846954345703,0.030814796686172485,0.4534534513950348,0.4580865502357483,-0.4596613943576813,0.8961939811706543,0.36586499214172363,0.5840750336647034,-0.03887929022312164,0.0341506190598011,0.4623609781265259,0.3566598892211914,-0.11962756514549255,0.6611621379852295,0.3825368583202362,0.6128884553909302,-0.04453913867473602,0.04202386364340782,0.4634742736816406,0.3360169529914856,-0.137696772813797,0.6007888317108154,0.3835904896259308,0.6109159588813782,-0.08185484260320663,0.04198259115219116,0.44687512516975403,0.33341360092163086,-0.1290646344423294,0.5746078491210938,0.38222306966781616,0.6005958914756775,-0.05850459635257721,0.04053894057869911,0.44274580478668213,0.34090110659599304,-0.11220947653055191,0.46026331186294556,0.36321133375167847,0.6151348352432251,0.18976393342018127,0.9999632835388184,0.2828487753868103,0.6312495470046997,-0.19025525450706482,0.9999505281448364,0.433015376329422,0.72212815284729,0.643766462802887,0.09502678364515305,0.23461028933525085,0.781071662902832,0.022016096860170364,0.8586075901985168,0.5121841430664062,0.8426317572593689,1.0211541652679443,0.4952174425125122,0.15748582780361176,0.9185160398483276,0.22576242685317993,0.9306567907333374,0.48589032888412476,0.8745982646942139,1.047786831855774,0.46595725417137146,0.12540581822395325,0.9314323663711548,0.24141275882720947,0.6744045615196228,0.6324418187141418,0.8746582865715027,0.9411788582801819,0.6608116030693054,0.19501172006130219,0.990388035774231,0.0640447586774826,0.8985474705696106
1,0.06666666666666667,0.4300072193145752,0.3206353187561035,-0.10731066018342972,0.9763866662979126,0.4261314868927002,0.30219459533691406,-0.09834056347608566,0.9724917411804199,0.42089757323265076,0.30114513635635376,-0.09932439029216766,0.9772801995277405,0.4152209758758545,0.2998967468738556,-0.09909360110759735,0.9858642816543579,0.4267239272594452,0.30173537135124207,-0.1732393354177475,0.9675243496894836,0.4219539761543274,0.3005090057849884,-0.17392908036708832,0.9729171991348267,0.4163922667503357,0.2992047965526581,-0.17424778640270233,0.9770260453224182,0.3783191740512848,0.29466697573661804,-0.0025189570151269436,0.9921404123306274,0.3755083978176117,0.2954429090023041,-0.3418550193309784,0.959123969078064,0.4079415798187256,0.3333268463611603,-0.05218702182173729,0.9772696495056152,0.4074936509132385,0.3326724171638489,-0.1552358716726303,0.9599984884262085,0.30367881059646606,0.3734435737133026,0.13564176857471466,0.9998669028282166,0.29296016693115234,0.3702705204486847,-0.4576902389526367,0.999174952507019,0.3240940570831299,0.4998035728931427,0.17460262775421143,0.02863451838493347,0.4528913199901581,0.4581558406352997,-0.49313288927078247,0.9015486240386963,0.36159107089042664,0.583419919013977,0.01624259538948536,0.0315120555460453,0.46411287784576416,0.3566591441631317,-0.20703715085983276,0.6847901940345764,0.3777603507041931,0.6134699583053589,0.01600043475627899,0.03900647163391113,0.4676905572414398,0.3358938992023468,-0.23417779803276062,0.6252524256706238,0.3782031238079071,0.6114779710769653,-0.018954532220959663,0.03894098475575447,0.4494911730289459,0.3333146870136261,-0.21295614540576935,0.6002505421638489,0.3740765452384949,0.6021100282669067,-0.0010397046571597457,0.03762463852763176,0.44455739855766296,0.3409229516983032,-0.19524887204170227,0.48626673221588135,0.36320918798446655,0.6153962016105652,0.19037216901779175,0.9999637603759766,0.2842118442058563,0.6311241388320923,-0.19089855253696442,0.9999525547027588,0.43303579092025757,0.7229366302490234,0.6509855389595032,0.09861955791711807,0.23482494056224823,0.7809771299362183,0.03652019426226616,0.8619006276130676,0.5115421414375305,0.8426342010498047,1.0336071252822876,0.5049728751182556,0.15593241155147552,0.9186883568763733,0.2663247585296631,0.9324215054512024,0.4853513240814209,0.8741698861122131,1.061686396598816,0.4813844561576843,0.11942348629236221,0.9345718026161194,0.2855735123157501,0.6788217425346375,0.6328726410865784,0.8745784163475037,0.9645677208900452,0.6682668328285217,0.19681988656520844,0.9911665320396423,0.11119450628757477,0.900712788105011
2,0.13333333333333333,0.4324597120285034,0.32173073291778564,-0.11406518518924713,0.9769070148468018,0.4292049705982208,0.3035223186016083,-0.10743117332458496,0.9733362197875977,0.4246858060359955,0.3023226857185364,-0.10840214043855667,0.9776852130889893,0.41908371448516846,0.3008742034435272,-0.10815349221229553,0.9861032962799072,0.4301917254924774,0.3031245470046997,-0.18236979842185974,0.9687471985816956,0.4265463054180145,0.3018273115158081,-0.18306373059749603,0.9738956689834595,0.42196083068847656,0.3004472255706787,-0.18336273729801178,0.9780469536781311,0.3799365162849426,0.29474085569381714,-0.01197812333703041,0.9921749830245972,0.38087576627731323,0.29584595561027527,-0.35187557339668274,0.9610257744789124,0.41123026609420776,0.3340969383716583,-0.057511378079652786,0.9772673845291138,0.41143208742141724,0.3333909809589386,-0.16077162325382233,0.9607469439506531,0.30205389857292175,0.3731848895549774,0.1313360184431076,0.9998607039451599,0.29840806126594543,0.36949583888053894,-0.4583292305469513,0.9992014765739441,0.3231833875179291,0.49957337975502014,0.15315298736095428,0.026793189346790314,0.451076477766037,0.4583151042461395,-0.48728713393211365,0.9039715528488159,0.3584783673286438,0.5831187963485718,-0.028420355170965195,0.02916170284152031,0.4645710289478302,0.3566229045391083,-0.1801130622625351,0.6961621642112732,0.3774750232696533,0.6141218543052673,-0.03776340186595917,0.036344729363918304,0.46833017468452454,0.3357960879802704,-0.2028653472661972,0.6345633864402771,0.3779836595058441,0.6120990514755249,-0.07017213851213455,0.03625980019569397,0.4499090015888214,0.333233505487442,-0.189790278673172,0.6099414229393005,0.3729149103164673,0.6033719778060913,-0.04583132639527321,0.035035692155361176,0.4450817406177521,0.3408969044685364,-0.1710454821586609,0.4938131272792816,0.3643210530281067,0.615815281867981,0.19062833487987518,0.9999647736549377,0.28586408495903015,0.6311870813369751,-0.19116878509521484,0.9999547004699707,0.43321284651756287,0.7236783504486084,0.6549642086029053,0.1032494306564331,0.23476296663284302,0.7810868620872498,0.049542929977178574,0.8655973672866821,0.5110716819763184,0.8426222205162048,1.049630045890808,0.5143539309501648,0.15511415898799896,0.9189961552619934,0.3060232400894165,0.9337339401245117,0.48489007353782654,0.8737024068832397,1.079419732093811,0.4956871271133423,0.11725521087646484,0.9359430074691772,0.32816028594970703,0.6812897324562073,0.6331671476364136,0.8745498657226562,0.9866389036178589,0.674890398979187,0.19743548333644867,0.9923991560935974,0.15803073346614838,0.9020962119102478
3,0.2,0.4328990876674652,0.3225107491016388,-0.11379394680261612,0.9777144193649292,0.4304993748664856,0.3040829598903656,-0.10622309893369675,0.9744983911514282,0.42645740509033203,0.3028583824634552,-0.10719814896583557,0.9783705472946167,0.42114952206611633,0.3013680577278137,-0.1069585531949997,0.9865341186523438,0.43136799335479736,0.3036481738090515,-0.1816890686750412,0.9702979922294617,0.42807838320732117,0.30232521891593933,-0.18237315118312836,0.9751387238502502,0.42372092604637146,0.30091679096221924,-0.18268108367919922,0.9792768359184265,0.380634605884552,0.2947434186935425,-0.012989810667932034,0.9923053979873657,0.3819294273853302,0.2959277331829071,-0.34814852476119995,0.9630928635597229,0.41215261816978455,0.33438900113105774,-0.0574437640607357,0.9775586128234863,0.412069708108902,0.3337838053703308,-0.1582767814397812,0.9620100259780884,0.29608607292175293,0.372415691614151,0.12436748296022415,0.9998599290847778,0.3015349507331848,0.3686472475528717,-0.4362584352493286,0.9992506504058838,0.3209437429904938,0.4995948374271393,0.15211059153079987,0.025042539462447166,0.44266757369041443,0.45844176411628723,-0.48522818088531494,0.9076613187789917,0.3564828038215637,0.5830671787261963,-0.0190779697149992,0.02729690633714199,0.4656146466732025,0.3566543161869049,-0.24447345733642578,0.7179203629493713,0.37768977880477905,0.6160100698471069,-0.027270492166280746,0.03434031829237938,0.470824658870697,0.3353717029094696,-0.27520719170570374,0.6582743525505066,0.3790757656097412,0.6107668876647949,-0.06337873637676239,0.03420540317893028,0.4523929953575134,0.33272117376327515,-0.2545791566371918,0.6347545981407166,0.3730466961860657,0.6052396893501282,-0.03746580332517624,0.03299673646688461,0.4469887316226959,0.3408045172691345,-0.23476478457450867,0.5194820165634155,0.3644602596759796,0.6162554621696472,0.18356464803218842,0.9999662637710571,0.28681254386901855,0.6311914920806885,-0.18413127958774567,0.9999573826789856,0.4333723187446594,0.7235450148582458,0.6251925230026245,0.10630638152360916,0.23420576751232147,0.7810685634613037,0.04623757675290108,0.8673335909843445,0.5106656551361084,0.8426437377929688,0.9746575355529785,0.5196332931518555,0.15474942326545715,0.9190240502357483,0.27731841802597046,0.9342360496520996,0.4845915138721466,0.8732759952545166,0.9994779825210571,0.5080891251564026,0.11705979704856873,0.9362534880638123,0.294994592666626,0.6834704279899597,0.6333548426628113,0.8744838237762451,0.9144313931465149,0.6790376305580139,0.19824561476707458,0.9927895069122314,0.14845477044582367,0.9028088450431824
4,0.26666666666666666,0.432902067899704,0.32237669825553894,-0.11414263397455215,0.9788289666175842,0.43059685826301575,0.3040464520454407,-0.10707289725542068,0.9759429097175598,0.42654120922088623,0.30282875895500183,-0.10805098712444305,0.9794095754623413,0.42124143242836,0.3013468086719513,-0.10782525688409805,0.9871269464492798,0.4313391447067261,0.3036138117313385,-0.18104901909828186,0.9722194075584412,0.42791247367858887,0.3022969663143158,-0.18173901736736298,0.9767769575119019,0.4234558939933777,0.3008948862552643,-0.182051882147789,0.9807224869728088,0.38061195611953735,0.29464054107666016,-0.012057162821292877,0.9926326870918274,0.3810276389122009,0.2958833873271942,-0.34354904294013977,0.965682327747345,0.4120943546295166,0.3343272805213928,-0.057458728551864624,0.9784794449806213,0.41203412413597107,0.33375486731529236,-0.15810833871364594,0.9641519784927368,0.296454519033432,0.3719821274280548,0.1249290257692337,0.999860942363739,0.29753580689430237,0.3675921857357025,-0.43269219994544983,0.9993057250976562,0.3210000693798065,0.49938076734542847,0.1532641053199768,0.023442775011062622,0.42844703793525696,0.45845985412597656,-0.5669722557067871,0.9142696261405945,0.35548102855682373,0.5830402970314026,-0.008859377354383469,0.025490986183285713,0.46448415517807007,0.35535141825675964,-0.4648338258266449,0.742419958114624,0.3765019476413727,0.6163581609725952,-0.015307631343603134,0.03232549503445625,0.4702753722667694,0.33379119634628296,-0.515251636505127,0.6866077184677124,0.379123330116272,0.6092513799667358,-0.05136153846979141,0.03214273601770401,0.4506753385066986,0.331058531999588,-0.48793965578079224,0.6646769642829895,0.3722638785839081,0.6051382422447205,-0.026793180033564568,0.03097453899681568,0.4453425109386444,0.3396376371383667,-0.45500290393829346,0.5541644096374512,0.3684196174144745,0.61660236120224,0.17839762568473816,0.9999678730964661,0.2865280210971832,0.6311259865760803,-0.1789671927690506,0.99996018409729,0.4335730969905853,0.7235510945320129,0.6132036447525024,0.11649837344884872,0.23253141343593597,0.7807756662368774,0.049136798828840256,0.872520387172699,0.5105738043785095,0.8428447246551514,0.9684604406356812,0.5361084938049316,0.15385623276233673,0.9181877970695496,0.2695012092590332,0.9368980526924133,0.4845559000968933,0.8730574250221252,0.9933536648750305,0.5259611010551453,0.11649447679519653,0.9355936050415039,0.28677240014076233,0.6921824216842651,0.6338592171669006,0.8744772672653198,0.8974029421806335,0.6924171447753906,0.19823604822158813,0.9927383065223694,0.12909850478172302,0.906872570514679
5,0.3333333333333333,0.4288831055164337,0.3220055401325226,-0.11351236701011658,0.9792631268501282,0.42542287707328796,0.3037922978401184,-0.10654222220182419,0.9765912890434265,0.42126837372779846,0.3025350272655487,-0.10750935971736908,0.9797595143318176,0.41649943590164185,0.3010639548301697,-0.10726422816514969,0.9872013926506042,0.4249689280986786,0.30335941910743713,-0.17770595848560333,0.9734534621238708,0.4205223619937897,0.30198657512664795,-0.1784217208623886,0.9779388308525085,0.41565626859664917,0.30055639147758484,-0.1787394881248474,0.9817652702331543,0.375934362411499,0.29438990354537964,-0.0043868510983884335,0.9926986694335938,0.3727261424064636,0.29564985632896423,-0.31923335790634155,0.9677871465682983,0.40798085927963257,0.3342144191265106,-0.05517663061618805,0.9790720343589783,0.4070599675178528,0.3335224688053131,-0.15230819582939148,0.9658369421958923,0.31787848472595215,0.37175777554512024,0.14211176335811615,0.9998535513877869,0.2706598937511444,0.36768248677253723,-0.4170958697795868,0.9993475079536438,0.3400060534477234,0.4888646900653839,0.13164836168289185,0.022354258224368095,0.4130026698112488,0.4585012197494507,-0.5370444059371948,0.9204495549201965,0.36448824405670166,0.5647629499435425,-0.1308336853981018,0.023885639384388924,0.4596274495124817,0.3532163202762604,-0.380747526884079,0.7640483975410461,0.3765660226345062,0.5885008573532104,-0.15355797111988068,0.03068321943283081,0.46541985869407654,0.3319946527481079,-0.42766183614730835,0.7120590806007385,0.3762056827545166,0.5808093547821045,-0.17834945023059845,0.030458856374025345,0.4436677098274231,0.3292836844921112,-0.40356817841529846,0.6916686296463013,0.3714163899421692,0.5729321241378784,-0.14668184518814087,0.0293243657797575,0.439233660697937,0.3383983075618744,-0.37038353085517883,0.5859678983688354,0.37172749638557434,0.6166025996208191,0.17608895897865295,0.9999677538871765,0.2787007987499237,0.6312130689620972,-0.17666004598140717,0.9999613165855408,0.43388840556144714,0.7245869040489197,0.6116000413894653,0.1349770724773407,0.22926639020442963,0.7808640003204346,0.048099204897880554,0.8798784017562866,0.5104578137397766,0.8429528474807739,0.9778016209602356,0.5608512759208679,0.15333543717861176,0.9182615280151367,0.2790529429912567,0.9404991865158081,0.4845596253871918,0.8729150295257568,1.0025328397750854,0.5494517683982849,0.1166042611002922,0.9361009001731873,0.29851534962654114,0.7041603922843933,0.6345018148422241,0.8744932413101196,0.9062010645866394,0.7108370661735535,0.19822803139686584,0.9915767908096313,0.12152070552110672,0.9122083187103271
6,0.4,0.4236508309841156,0.3215884864330292,-0.14437901973724365,0.9766449332237244,0.4191247224807739,0.3032616376876831,-0.13222309947013855,0.9730657935142517,0.41532379388809204,0.30202874541282654,-0.13313406705856323,0.9759534001350403,0.411335289478302,0.3006258010864258,-0.1329280436038971,0.9848548769950867,0.4166947305202484,0.3028102517127991,-0.20512664318084717,0.9718126654624939,0.41085919737815857,0.30134621262550354,-0.20585909485816956,0.976600706577301,0.40368688106536865,0.2997921109199524,-0.20617453753948212,0.9809767007827759,0.3695369064807892,0.29421791434288025,-0.0056856004521250725,0.9910477995872498,0.35595837235450745,0.2950209975242615,-0.32974973320961,0.9668262004852295,0.4033976197242737,0.3341597318649292,-0.07752373069524765,0.9783324599266052,0.4001525938510895,0.33345702290534973,-0.17859797179698944,0.9662269949913025,0.33563849329948425,0.37190383672714233,0.14141608774662018,0.9998315572738647,0.2393054962158203,0.36788028478622437,-0.42089971899986267,0.999341607093811,0.3961956799030304,0.4725593328475952,-0.03323889896273613,0.024171240627765656,0.38486865162849426,0.45975086092948914,-0.5254828929901123,0.9206671118736267,0.4231891334056854,0.3850792646408081,-0.4698878228664398,0.028748545795679092,0.44248703122138977,0.35370826721191406,-0.3295866549015045,0.7612707018852234,0.42031601071357727,0.3604201674461365,-0.5270035266876221,0.03838680684566498,0.4524739980697632,0.3321647346019745,-0.3646172285079956,0.7097237706184387,0.4028296172618866,0.3506530225276947,-0.5185170769691467,0.037762582302093506,0.42662790417671204,0.32934772968292236,-0.34964749217033386,0.6897169351577759,0.40211695432662964,0.3617473840713501,-0.47873061895370483,0.03480398654937744,0.42125561833381653,0.33839651942253113,-0.321986585855484,0.5814515948295593,0.372127503156662,0.6172342300415039,0.17633460462093353,0.999965250492096,0.27018022537231445,0.6335836052894592,-0.17690053582191467,0.9999592900276184,0.4335235357284546,0.7261601686477661,0.6010110378265381,0.1391473263502121,0.22699621319770813,0.7811333537101746,0.0030651940032839775,0.8812004327774048,0.5103655457496643,0.8430877327919006,0.984870970249176,0.5766435861587524,0.15308624505996704,0.9179015755653381,0.272011935710907,0.9421820044517517,0.4845549464225769,0.8728509545326233,1.0105360746383667,0.5656914114952087,0.11707901209592819,0.9359484314918518,0.29526183009147644,0.708848774433136,0.6352398991584778,0.8745759725570679,0.8781782388687134,0.7244313359260559,0.195747971534729,0.9911196827888489,0.07660400122404099,0.9153476357460022
7,0.4666666666666667,0.40719276666641235,0.31876593828201294,-0.14501120150089264,0.972391664981842,0.40383729338645935,0.3005416691303253,-0.1302817165851593,0.9663301706314087,0.40160295367240906,0.29946964979171753,-0.13119743764400482,0.9691591858863831,0.39950031042099,0.2983519732952118,-0.13102470338344574,0.9809181690216064,0.39877068996429443,0.3003070652484894,-0.2022862583398819,0.9675824046134949,0.3919082283973694,0.29897406697273254,-0.20299974083900452,0.9730560183525085,0.38413143157958984,0.2976638972759247,-0.20332546532154083,0.9783540368080139,0.3621937036514282,0.2939000427722931,0.0020382311195135117,0.9886779189109802,0.339268296957016,0.2941007912158966,-0.32132476568222046,0.9626101851463318,0.38995131850242615,0.3320236802101135,-0.07771768420934677,0.9777993559837341,0.382668137550354,0.33178985118865967,-0.1778971403837204,0.9662225842475891,0.34699395298957825,0.3718169927597046,0.14820976555347443,0.999828040599823,0.2097731977701187,0.3676825761795044,-0.4020126163959503,0.9993361830711365,0.4524138271808624,0.45843908190727234,-0.032533224672079086,0.03808794915676117,0.3419948220252991,0.45999985933303833,-0.5348082184791565,0.9234464168548584,0.4393022358417511,0.3616829514503479,-0.4823378324508667,0.052928533405065536,0.4207250475883484,0.3537540137767792,-0.41514208912849426,0.7650359272956848,0.42885327339172363,0.34049734473228455,-0.5419164299964905,0.06438238173723221,0.43477386236190796,0.3327621817588806,-0.46047866344451904,0.7137912511825562,0.41053149104118347,0.33562660217285156,-0.5254242420196533,0.062361426651477814,0.40761882066726685,0.32888972759246826,-0.4455324709415436,0.6936233639717102,0.41091349720954895,0.34325551986694336,-0.48693615198135376,0.05424974113702774,0.40240296721458435,0.3376418650150299,-0.4087372124195099,0.5838578939437866,0.3720560073852539,0.6182625889778137,0.17346878349781036,0.9999641180038452,0.25754567980766296,0.6356544494628906,-0.1740255504846573,0.9999576210975647,0.4327228367328644,0.732745885848999,0.5974764823913574,0.147865429520607,0.22286824882030487,0.7820777297019958,0.004823357332497835,0.8808356523513794,0.5099844932556152,0.8434500098228455,1.007706880569458,0.5942668318748474,0.15290121734142303,0.9176356196403503,0.28882190585136414,0.9429383873939514,0.48445385694503784,0.8728749752044678,1.0370525121688843,0.5807051062583923,0.11830855906009674,0.9357116222381592,0.31201329827308655,0.7069994211196899,0.6355332732200623,0.8745943903923035,0.8872857093811035,0.7372859120368958,0.1948540061712265,0.9911217093467712,0.08122153580188751,0.9168113470077515
8,0.5333333333333333,0.39097169041633606,0.31871888041496277,-0.1425432711839676,0.9675379991531372,0.38673916459083557,0.3001715838909149,-0.126851424574852,0.958486020565033,0.38571542501449585,0.29919373989105225,-0.12777599692344666,0.9606118202209473,0.38504984974861145,0.298147052526474,-0.12761224806308746,0.9762492179870605,0.37970444560050964,0.30012941360473633,-0.19923625886440277,0.9625038504600525,0.3727978467941284,0.2989147901535034,-0.19994419813156128,0.9684082865715027,0.36418887972831726,0.2976788580417633,-0.20025426149368286,0.9751718640327454,0.3515196442604065,0.29481932520866394,0.013049665838479996,0.9853357672691345,0.31845933198928833,0.29429370164871216,-0.28973889350891113,0.956386148929596,0.3761996030807495,0.3320138156414032,-0.07578203082084656,0.9765347242355347,0.36663204431533813,0.33183765411376953,-0.17594745755195618,0.9652663469314575,0.3476160168647766,0.3731282651424408,0.15094026923179626,0.9998226165771484,0.18902432918548584,0.36775147914886475,-0.35962212085723877,0.9993256330490112,0.4629562199115753,0.4544840157032013,-0.0026002260856330395,0.04998379200696945,0.32099124789237976,0.4616909325122833,-0.5063969492912292,0.9238797426223755,0.44224199652671814,0.36405113339424133,-0.39661064743995667,0.0697450265288353,0.3947506248950958,0.3539825677871704,-0.37476807832717896,0.7655062079429626,0.43134549260139465,0.3448021113872528,-0.44757404923439026,0.08227260410785675,0.411406546831131,0.3341332972049713,-0.4163731634616852,0.7136463522911072,0.41591909527778625,0.3409411609172821,-0.4333931505680084,0.07901544868946075,0.3846784234046936,0.32893693447113037,-0.40081143379211426,0.6931872367858887,0.4160449802875519,0.348288357257843,-0.4000057578086853,0.06739026308059692,0.3818665146827698,0.33754783868789673,-0.3684951066970825,0.5822678804397583,0.3725024163722992,0.6203479170799255,0.1650138795375824,0.9999637603759766,0.2511496841907501,0.6383146643638611,-0.16556371748447418,0.9999571442604065,0.4316096603870392,0.7370304465293884,0.5745028853416443,0.1560596376657486,0.21846263110637665,0.7835180759429932,-0.007183547597378492,0.8789522051811218,0.509066104888916,0.8446448445320129,0.9810954928398132,0.611015260219574,0.15246805548667908,0.9181226491928101,0.27934327721595764,0.94303959608078,0.4842836558818817,0.8732125163078308,1.008719563484192,0.5918903350830078,0.11891834437847137,0.9360065460205078,0.3045642077922821,0.700907826423645,0.6358543634414673,0.8746973276138306,0.8354236483573914,0.7476242780685425,0.19404104351997375,0.9913718700408936,0.05748605355620384,0.9169619083404541
9,0.6,0.3759607672691345,0.3188736140727997,-0.17826926708221436,0.9632450342178345,0.3720308244228363,0.3001959025859833,-0.15673792362213135,0.9519287347793579,0.37184059619903564,0.29923275113105774,-0.15768256783485413,0.9525243639945984,0.37219494581222534,0.29828426241874695,-0.15762895345687866,0.9720856547355652,0.36419588327407837,0.30014246702194214,-0.21815863251686096,0.9583151936531067,0.35535570979118347,0.2989322543144226,-0.2188621163368225,0.9640087485313416,0.34528300166130066,0.29769670963287354,-0.2192402482032776,0.9723587036132812,0.33900606632232666,0.2961716055870056,0.0033273426815867424,0.9818491339683533,0.297828733921051,0.29430028796195984,-0.28629156947135925,0.9492946863174438,0.363429456949234,0.3320401608943939,-0.10646527260541916,0.9749143719673157,0.35207727551460266,0.33199915289878845,-0.19332991540431976,0.9639080762863159,0.346564382314682,0.37499138712882996,0.13399936258792877,0.999813973903656,0.16896171867847443,0.3696059584617615,-0.34107136726379395,0.9993116855621338,0.4613342881202698,0.45317521691322327,-0.0039512100629508495,0.05943218991160393,0.3053576350212097,0.465255469083786,-0.5204929709434509,0.9210059642791748,0.44250020384788513,0.36613866686820984,-0.35110482573509216,0.08397934585809708,0.3698486089706421,0.3540184199810028,-0.5052691102027893,0.7708727717399597,0.4300299286842346,0.3439992368221283,-0.39364489912986755,0.09668385237455368,0.38847601413726807,0.33415377140045166,-0.5563443303108215,0.7189123034477234,0.4169524312019348,0.34056517481803894,-0.3821006417274475,0.09209632128477097,0.3606785833835602,0.32865646481513977,-0.5348400473594666,0.6981614232063293,0.4162573516368866,0.3488004505634308,-0.3535814881324768,0.07763805985450745,0.3583814799785614,0.33698633313179016,-0.49984654784202576,0.5862595438957214,0.37391921877861023,0.6223564147949219,0.1520930528640747,0.9999628663063049,0.2492075264453888,0.6415730714797974,-0.1526523232460022,0.999956488609314,0.4314059317111969,0.7385557889938354,0.5645915865898132,0.15863172709941864,0.21549838781356812,0.7849352955818176,-0.014884316362440586,0.8702659010887146,0.5079184174537659,0.844792902469635,0.9636760950088501,0.6162097454071045,0.15226176381111145,0.9181600213050842,0.24955299496650696,0.9394455552101135,0.48405590653419495,0.8732129335403442,0.9909598231315613,0.593481719493866,0.11996801942586899,0.9360030293464661,0.27158302068710327,0.6864853501319885,0.634967565536499,0.8747421503067017,0.8305178880691528,0.747763991355896,0.19379061460494995,0.991398811340332,0.0384039469063282,0.9115405678749084
10,0.6666666666666666,0.3701368570327759,0.31903916597366333,-0.17731431126594543,0.9544100761413574,0.3632030189037323,0.300208181142807,-0.15606021881103516,0.9391548037528992,0.3629057705402374,0.29928141832351685,-0.1570160984992981,0.9381527304649353,0.36309561133384705,0.29839593172073364,-0.15697544813156128,0.9641678333282471,0.35624927282333374,0.30017730593681335,-0.2173205465078354,0.9490708112716675,0.34770023822784424,0.29905766248703003,-0.21802493929862976,0.9548915028572083,0.3373378813266754,0.29797279834747314,-0.21841949224472046,0.9660934805870056,0.3278806209564209,0.29771777987480164,0.0011634710244834423,0.9759191274642944,0.2879960536956787,0.2952565848827362,-0.28582727909088135,0.9365880489349365,0.3578236699104309,0.33208227157592773,-0.1072838306427002,0.9712132215499878,0.34661343693733215,0.33227717876434326,-0.19369229674339294,0.9598397016525269,0.3449738323688507,0.37702491879463196,0.1259179711341858,0.9998000264167786,0.16070111095905304,0.37260258197784424,-0.3425142168998718,0.9992703795433044,0.45961764454841614,0.4518740475177765,-0.0013627394801005721,0.06629360467195511,0.2879869341850281,0.47204843163490295,-0.5228407979011536,0.9161755442619324,0.43689772486686707,0.3659772276878357,-0.33556902408599854,0.09378590434789658,0.35694894194602966,0.3563607633113861,-0.49462005496025085,0.7702279090881348,0.4250265657901764,0.34293556213378906,-0.37593352794647217,0.10722917318344116,0.3756973147392273,0.33502647280693054,-0.5419214963912964,0.7181008458137512,0.4138156771659851,0.33923718333244324,-0.3638629913330078,0.10166413336992264,0.34709885716438293,0.3288293480873108,-0.519605815410614,0.6969163417816162,0.41260775923728943,0.34763002395629883,-0.33746105432510376,0.08535759896039963,0.34466302394866943,0.3370661735534668,-0.48826825618743896,0.5836812853813171,0.3758799731731415,0.6258955001831055,0.14971588551998138,0.99996018409729,0.2492963671684265,0.6455482840538025,-0.15027375519275665,0.9999537467956543,0.431712806224823,0.7407715320587158,0.5698754787445068,0.15764562785625458,0.21352459490299225,0.7877547740936279,-0.022903453558683395,0.8594034910202026,0.5073737502098083,0.8449318408966064,0.9649441242218018,0.6160489916801453,0.15228493511676788,0.9181616902351379,0.2081725001335144,0.9352758526802063,0.4839935004711151,0.8731816411018372,0.9922146797180176,0.5919625759124756,0.12026897817850113,0.9361829161643982,0.22606702148914337,0.6715270280838013,0.6352283954620361,0.8751258850097656,0.8405008912086487,0.7437466382980347,0.19388848543167114,0.9918340444564819,0.002060156548395753,0.9051186442375183
11,0.7333333333333333,0.3668195903301239,0.3198864161968231,-0.16781280934810638,0.9471720457077026,0.3592115044593811,0.30124446749687195,-0.149171382188797,0.929007351398468,0.35891902446746826,0.3003556430339813,-0.1501273661851883,0.9270330667495728,0.3592195212841034,0.2995278537273407,-0.1500484198331833,0.9581669569015503,0.35168999433517456,0.3011815547943115,-0.2144424021244049,0.9418576955795288,0.3440723121166229,0.3002000153064728,-0.2151256799697876,0.9481421709060669,0.33436959981918335,0.2993341386318207,-0.21548499166965485,0.9616281986236572,0.3240535855293274,0.2992304563522339,0.0009258897043764591,0.9714695811271667,0.2844887673854828,0.2969810664653778,-0.28096097707748413,0.9277856945991516,0.3550780415534973,0.33265841007232666,-0.10041061788797379,0.9685559868812561,0.3435036242008209,0.3332051932811737,-0.19203311204910278,0.9570453763008118,0.34304681420326233,0.3783206343650818,0.12378979474306107,0.999792754650116,0.1568768471479416,0.3745163381099701,-0.33345547318458557,0.999252438545227,0.45231807231903076,0.45177167654037476,0.01803513802587986,0.07128352671861649,0.2810652554035187,0.478848934173584,-0.47405219078063965,0.9114967584609985,0.43032288551330566,0.36310115456581116,-0.3319374620914459,0.09878742694854736,0.3545979857444763,0.358169823884964,-0.4420505166053772,0.7621140480041504,0.4197806417942047,0.3398239314556122,-0.3627365231513977,0.11348475515842438,0.3737201988697052,0.33551186323165894,-0.4728401303291321,0.7096216082572937,0.4030762016773224,0.33524608612060547,-0.3183239698410034,0.10731787979602814,0.34593507647514343,0.32884085178375244,-0.4461326599121094,0.6880788803100586,0.40320664644241333,0.34400513768196106,-0.30539023876190186,0.08994343131780624,0.34235382080078125,0.3370983302593231,-0.4356834888458252,0.5739315748214722,0.37630271911621094,0.6278866529464722,0.14896851778030396,0.9999597668647766,0.24897044897079468,0.6482598781585693,-0.1495296061038971,0.9999533295631409,0.43195927143096924,0.7426369190216064,0.5650292038917542,0.16177204251289368,0.21310362219810486,0.7890437245368958,-0.02268434874713421,0.8571801781654358,0.5065405368804932,0.8449786901473999,0.9410321712493896,0.6279626488685608,0.1522870510816574,0.9182783365249634,0.2014988660812378,0.9356963038444519,0.4839237332344055,0.8731812238693237,0.9662056565284729,0.6004822254180908,0.12081260979175568,0.9364937543869019,0.21927835047245026,0.6693538427352905,0.6361576318740845,0.8751866221427917,0.8041406869888306,0.7514000535011292,0.19522058963775635,0.992340624332428,-0.003626706078648567,0.9060169458389282
12,0.8,0.366421639919281,0.3206603229045868,-0.16289135813713074,0.944392204284668,0.3589767813682556,0.30235016345977783,-0.14543576538562775,0.9253893494606018,0.3582533597946167,0.30152714252471924,-0.14639216661453247,0.9232470393180847,0.35802653431892395,0.300759881734848,-0.14629723131656647,0.9562352299690247,0.3504676818847656,0.3022614121437073,-0.21105337142944336,0.9396013021469116,0.3432202935218811,0.30125513672828674,-0.2117423713207245,0.9461758136749268,0.33401742577552795,0.3004803955554962,-0.21210019290447235,0.9602526426315308,0.32125672698020935,0.3008107841014862,-0.00017537710664328188,0.9702752232551575,0.2855965197086334,0.2987721264362335,-0.28514811396598816,0.9251077771186829,0.3536688983440399,0.33326810598373413,-0.09671565890312195,0.9678521156311035,0.3422214686870575,0.33397775888442993,-0.18872718513011932,0.9564499258995056,0.3418961763381958,0.3788829445838928,0.12316569685935974,0.9997878670692444,0.1595010608434677,0.3766794204711914,-0.34874942898750305,0.9992272853851318,0.4492323696613312,0.45291516184806824,0.026650352403521538,0.07538864016532898,0.2942173182964325,0.4799221456050873,-0.47616660594940186,0.9074759483337402,0.4264008700847626,0.36231496930122375,-0.3084298074245453,0.10189782083034515,0.35707026720046997,0.35927626490592957,-0.38168174028396606,0.7457378506660461,0.4189698398113251,0.34007468819618225,-0.34797799587249756,0.11783219873905182,0.3768697679042816,0.33661991357803345,-0.40829047560691833,0.6939632296562195,0.3995285928249359,0.3360198438167572,-0.2890361547470093,0.11135432869195938,0.3487628996372223,0.3291279971599579,-0.3886914849281311,0.6722064018249512,0.40057894587516785,0.3445050120353699,-0.27840718626976013,0.09346935153007507,0.34552863240242004,0.3371656537055969,-0.3755534291267395,0.5583615899085999,0.3761996328830719,0.6285994052886963,0.15105092525482178,0.9999590516090393,0.24978701770305634,0.6496380567550659,-0.15160752832889557,0.9999521374702454,0.432614266872406,0.743694007396698,0.5703769326210022,0.1702658236026764,0.2117878943681717,0.7914407253265381,-0.01957644708454609,0.8577575087547302,0.505784809589386,0.8450314402580261,0.9511648416519165,0.6450485587120056,0.15228356420993805,0.9185447096824646,0.20196956396102905,0.9374754428863525,0.4838963747024536,0.8731812238693237,0.9770272374153137,0.616067111492157,0.12137428671121597,0.9367131590843201,0.22417500615119934,0.6742033362388611,0.6365751624107361,0.8752238750457764,0.817051351070404,0.7635802626609802,0.19809789955615997,0.9923557639122009,0.01227421686053276,0.9090471863746643
13,0.8666666666666667,0.36881211400032043,0.32063066959381104,-0.16014505922794342,0.9411376714706421,0.3617357015609741,0.3023441433906555,-0.14320909976959229,0.9218065738677979,0.3604513108730316,0.30152571201324463,-0.14416520297527313,0.9197002053260803,0.35944804549217224,0.30075567960739136,-0.14406096935272217,0.9543634653091431,0.35428962111473083,0.30221027135849,-0.20922009646892548,0.9370705485343933,0.3465866148471832,0.3011775314807892,-0.20991680026054382,0.9439308047294617,0.33769938349723816,0.30034369230270386,-0.2102726399898529,0.9587379097938538,0.321476548910141,0.3006669878959656,-0.0036692945286631584,0.9690577983856201,0.29048389196395874,0.2988787293434143,-0.3022218346595764,0.9228574633598328,0.35514914989471436,0.3333066701889038,-0.09449261426925659,0.96724933385849,0.34623435139656067,0.33396217226982117,-0.1870046705007553,0.9560546278953552,0.340025395154953,0.3787493407726288,0.11960949003696442,0.9997826218605042,0.1650199443101883,0.3779734969139099,-0.35860365629196167,0.9991995692253113,0.443669855594635,0.4540591537952423,-0.007679617498070002,0.07613473385572433,0.3040691912174225,0.48038724064826965,-0.4799589216709137,0.901583731174469,0.4247308373451233,0.3625160753726959,-0.36743074655532837,0.10317078232765198,0.36696988344192505,0.3624686598777771,-0.33317747712135315,0.7245374321937561,0.4167327582836151,0.343200147151947,-0.41399410367012024,0.12128369510173798,0.3852335512638092,0.34159615635871887,-0.35898730158805847,0.6730027198791504,0.39278674125671387,0.338249146938324,-0.3934784531593323,0.11470801383256912,0.35818982124328613,0.33233368396759033,-0.3403400182723999,0.6512951850891113,0.39360806345939636,0.3460288345813751,-0.3657833933830261,0.0959830954670906,0.3540840148925781,0.33933407068252563,-0.3249906003475189,0.5377556085586548,0.3760678768157959,0.6282021403312683,0.15247827768325806,0.9999568462371826,0.24982352554798126,0.6491954326629639,-0.15303325653076172,0.9999489784240723,0.43533194065093994,0.7428640723228455,0.560759425163269,0.17404280602931976,0.21215547621250153,0.7910652756690979,-0.01726003736257553,0.8542536497116089,0.5057739615440369,0.8453131914138794,0.9312447905540466,0.6570426821708679,0.15227650105953217,0.9185981750488281,0.25055646896362305,0.937091052532196,0.4846534729003906,0.873253583908081,0.9559227228164673,0.6259878277778625,0.1229691207408905,0.9367011189460754,0.2765297293663025,0.6720936894416809,0.637787401676178,0.8753780126571655,0.7861751317977905,0.7726661562919617,0.19964170455932617,0.99247807264328,0.06350240111351013,0.9094936847686768
14,0.9333333333333333,0.3719463646411896,0.3206319808959961,-0.15964147448539734,0.942366898059845,0.3649478554725647,0.30242452025413513,-0.1443750560283661,0.9244229793548584,0.3630755841732025,0.3015989065170288,-0.14532425999641418,0.9222133159637451,0.36131754517555237,0.30083146691322327,-0.1452038586139679,0.9560149312019348,0.3584429621696472,0.30220872163772583,-0.2124847173690796,0.9389608502388,0.35100099444389343,0.3011411428451538,-0.21320435404777527,0.9453507661819458,0.34225547313690186,0.3002168834209442,-0.2135482281446457,0.9600310325622559,0.3233501613140106,0.3004278838634491,-0.0070124464109539986,0.9699910879135132,0.29534852504730225,0.2985476851463318,-0.31975439190864563,0.9252429008483887,0.3557361364364624,0.3332696557044983,-0.09368520975112915,0.9685121774673462,0.3481248617172241,0.3338831067085266,-0.18819312751293182,0.9579904675483704,0.33395904302597046,0.3789905309677124,0.1249043345451355,0.9997886419296265,0.1719113439321518,0.377686083316803,-0.37748247385025024,0.9992286562919617,0.4266851246356964,0.4650537073612213,0.0060668205842375755,0.07852984219789505,0.3107795715332031,0.4797133207321167,-0.4956536591053009,0.8994452357292175,0.44022154808044434,0.376373291015625,-0.36102095246315,0.11624180525541306,0.3704652190208435,0.36490070819854736,-0.35954949259757996,0.7271034121513367,0.4366929829120636,0.35356247425079346,-0.407363623380661,0.13855978846549988,0.3889833688735962,0.34400951862335205,-0.3905916213989258,0.6737133264541626,0.4169166088104248,0.3483765721321106,-0.40995514392852783,0.13140998780727386,0.36311042308807373,0.3358866572380066,-0.36648356914520264,0.6517743468284607,0.4137614369392395,0.3567351698875427,-0.37067386507987976,0.10969708114862442,0.3589709401130676,0.34284767508506775,-0.35023045539855957,0.5367371439933777,0.37600943446159363,0.6270022988319397,0.15676277875900269,0.9999576807022095,0.250470906496048,0.6485322117805481,-0.1573004573583603,0.999950110912323,0.44958215951919556,0.741550087928772,0.5638706684112549,0.18523280322551727,0.2123299092054367,0.7910888195037842,-0.014319970272481441,0.8558564782142639,0.505764901638031,0.8452910780906677,0.933489203453064,0.6714637279510498,0.15204648673534393,0.9173873066902161,0.3026944100856781,0.9371091723442078,0.4847017824649811,0.8731415867805481,0.9580272436141968,0.639161229133606,0.12347269058227539,0.9349595308303833,0.33078816533088684,0.6716120839118958,0.6390833854675293,0.8754172921180725,0.7954214215278625,0.7825283408164978,0.2000018209218979,0.991306722164154,0.1269352287054062,0.9099225401878357
15,1.0,0.3732471466064453,0.32247182726860046,-0.1663888841867447,0.9468993544578552,0.3669295608997345,0.30568239092826843,-0.150716632604599,0.9308891296386719,0.364443838596344,0.30486544966697693,-0.15172423422336578,0.9288486838340759,0.3617402911186218,0.30398061871528625,-0.15169388055801392,0.9598199129104614,0.3608730435371399,0.3055252432823181,-0.21954552829265594,0.9440029859542847,0.3534143269062042,0.30438005924224854,-0.2202625274658203,0.9497864842414856,0.34439408779144287,0.3032408058643341,-0.22062620520591736,0.963276207447052,0.32203423976898193,0.30214980244636536,-0.010792719200253487,0.9726018905639648,0.29570654034614563,0.30080339312553406,-0.3247673511505127,0.9309873580932617,0.3565863370895386,0.33611318469047546,-0.09862340986728668,0.9709500074386597,0.34905439615249634,0.3361195921897888,-0.19382673501968384,0.9612151384353638,0.33353114128112793,0.38272640109062195,0.1278640776872635,0.9998021721839905,0.17587830126285553,0.38050752878189087,-0.39102065563201904,0.9992673397064209,0.39177411794662476,0.4814065098762512,0.09926013648509979,0.080778568983078,0.3147848844528198,0.47962939739227295,-0.6464851498603821,0.8998776078224182,0.4693540632724762,0.4212351441383362,-0.181432843208313,0.14049968123435974,0.37381571531295776,0.3711089789867401,-0.7475176453590393,0.7444307208061218,0.49992483854293823,0.4032270312309265,-0.21198448538780212,0.16679945588111877,0.3895837962627411,0.3452344536781311,-0.8197193741798401,0.6934227347373962,0.4975782334804535,0.3905661404132843,-0.2531758248806,0.16115018725395203,0.36516591906547546,0.3389190137386322,-0.7940741181373596,0.672875165939331,0.4788835346698761,0.3949483036994934,-0.20581059157848358,0.13624277710914612,0.3596453070640564,0.3479210436344147,-0.7448581457138062,0.5591193437576294,0.37799176573753357,0.6242899298667908,0.15722016990184784,0.9999574422836304,0.2527453601360321,0.6481473445892334,-0.15776406228542328,0.9999497532844543,0.49823421239852905,0.722753643989563,0.5160644054412842,0.19429238140583038,0.21749086678028107,0.7909203767776489,-0.034543730318546295,0.853963315486908,0.5074436068534851,0.840423047542572,0.8534067869186401,0.6733276844024658,0.15160930156707764,0.9166764616966248,0.2536773383617401,0.9340580701828003,0.48480597138404846,0.8674458265304565,0.8749938011169434,0.6429389715194702,0.12340404838323593,0.9337902665138245,0.2791195511817932,0.6679036021232605,0.6387163400650024,0.875705361366272,0.732403039932251,0.7835286855697632,0.20094788074493408,0.9907452464103699,0.09475686401128769,0.9067131876945496
16,1.0666666666666667,0.38913244009017944,0.3224700093269348,-0.17502540349960327,0.9512732625007629,0.37849485874176025,0.3056873679161072,-0.15692174434661865,0.9369722604751587,0.3743562400341034,0.3048098087310791,-0.15790234506130219,0.9350770115852356,0.3695279359817505,0.3038924038410187,-0.1579039841890335,0.9633512496948242,0.37591874599456787,0.3056337535381317,-0.22869934141635895,0.9488552212715149,0.36925435066223145,0.3044453263282776,-0.22941488027572632,0.9540988206863403,0.3599211871623993,0.3032759726047516,-0.2297997623682022,0.9664425849914551,0.3239303231239319,0.3020513653755188,-0.010861041955649853,0.9750048518180847,0.30115726590156555,0.3012898564338684,-0.33474868535995483,0.9367421865463257,0.36800724267959595,0.3360726535320282,-0.10423872619867325,0.9732463955879211,0.3646529018878937,0.3362026810646057,-0.20319801568984985,0.9643912315368652,0.3333088457584381,0.38511547446250916,0.13630467653274536,0.9998131394386292,0.1904841661453247,0.3837173879146576,-0.404189795255661,0.9993070960044861,0.38344261050224304,0.48997360467910767,0.1142703965306282,0.07905078679323196,0.3143594563007355,0.47928300499916077,-0.6836228966712952,0.89762282371521,0.47037822008132935,0.4388059377670288,-0.1865105777978897,0.14968763291835785,0.375500351190567,0.37727218866348267,-0.800738513469696,0.755445659160614,0.5011926889419556,0.4212978482246399,-0.2200031727552414,0.180882066488266,0.3945050835609436,0.35072705149650574,-0.8747304081916809,0.705710232257843,0.5018388628959656,0.40971940755844116,-0.25866755843162537,0.1764429658651352,0.37242165207862854,0.34274640679359436,-0.8468152284622192,0.6860795617103577,0.48171254992485046,0.41449829936027527,-0.21085689961910248,0.14946292340755463,0.3655345141887665,0.3530524671077728,-0.7968661189079285,0.5712539553642273,0.39101505279541016,0.6192836165428162,0.15745370090007782,0.9999560117721558,0.26566368341445923,0.647444486618042,-0.15801776945590973,0.9999486207962036,0.5478011965751648,0.7060282230377197,0.42033645510673523,0.20227760076522827,0.22783741354942322,0.7891570329666138,-0.09365087002515793,0.8483564257621765,0.5281994342803955,0.8316699266433716,0.725379228591919,0.6666752696037292,0.15119701623916626,0.9166979193687439,0.1791391670703888,0.9276639819145203,0.4968089759349823,0.8538278937339783,0.7447378635406494,0.637858510017395,0.12327045202255249,0.9329061508178711,0.20348979532718658,0.6582146883010864,0.6420928239822388,0.8762400150299072,0.6038417816162109,0.7769794464111328,0.19999472796916962,0.9916290640830994,0.019943343475461006,0.8989289402961731
17,1.1333333333333333,0.426441490650177,0.3177805244922638,-0.17416922748088837,0.9533153772354126,0.412095308303833,0.2997019588947296,-0.1550484150648117,0.9400360584259033,0.40925025939941406,0.29916509985923767,-0.15600909292697906,0.937823474407196,0.4071181118488312,0.2986219525337219,-0.15598298609256744,0.9650288224220276,0.4070078730583191,0.29959598183631897,-0.2256898730993271,0.9512651562690735,0.40034952759742737,0.29882973432540894,-0.22639606893062592,0.9560813307762146,0.3920038044452667,0.2981104850769043,-0.22676941752433777,0.9681045413017273,0.36793020367622375,0.2993953824043274,-0.002371804555878043,0.9760832190513611,0.3370071053504944,0.29840290546417236,-0.2962738573551178,0.9394640326499939,0.40969741344451904,0.3302496671676636,-0.10281294584274292,0.9746241569519043,0.4023823142051697,0.3313334286212921,-0.20175139605998993,0.9664657115936279,0.369442880153656,0.38299739360809326,0.1539192497730255,0.9998198747634888,0.21610495448112488,0.38199442625045776,-0.3382827043533325,0.9993431568145752,0.4928501844406128,0.47796761989593506,0.10519294440746307,0.08961939811706543,0.31517183780670166,0.4809972643852234,-0.6467475891113281,0.8961767554283142,0.5207819938659668,0.3950394093990326,-0.30521002411842346,0.17387408018112183,0.39535075426101685,0.37751367688179016,-0.6419678926467896,0.7649559378623962,0.5228576064109802,0.37317129969596863,-0.35417458415031433,0.20510078966617584,0.42755094170570374,0.3511367440223694,-0.7039893865585327,0.7150719165802002,0.5103733539581299,0.3661099672317505,-0.3697095811367035,0.1992996484041214,0.40291571617126465,0.3422090709209442,-0.6750514507293701,0.6951282024383545,0.49972766637802124,0.37379124760627747,-0.32083407044410706,0.16858454048633575,0.39505890011787415,0.3519827425479889,-0.6354260444641113,0.5794364809989929,0.4141576290130615,0.6160945296287537,0.15493565797805786,0.9999563097953796,0.2864290177822113,0.643434464931488,-0.1554165929555893,0.9999492764472961,0.5652065873146057,0.7061236500740051,0.466391384601593,0.2166663259267807,0.2288072556257248,0.7888813614845276,-0.10303469002246857,0.8505545854568481,0.5781886577606201,0.8257437944412231,0.8220458030700684,0.6705024838447571,0.15119554102420807,0.9162410497665405,0.15780986845493317,0.92679762840271,0.5441926717758179,0.8495438098907471,0.8453685641288757,0.6399713754653931,0.12332601100206375,0.9320470094680786,0.17928744852542877,0.6556962132453918,0.6981160640716553,0.8735266923904419,0.6998914480209351,0.7767074704170227,0.19717323780059814,0.9913482069969177,-0.025946270674467087,0.8969852328300476
18,1.2,0.46913108229637146,0.3162551522254944,-0.2111922651529312,0.9553275108337402,0.4555458128452301,0.29920250177383423,-0.18938161432743073,0.9416688680648804,0.45362651348114014,0.298824280500412,-0.19026997685432434,0.9391215443611145,0.4526069760322571,0.2984016239643097,-0.19029395282268524,0.9656939506530762,0.44944190979003906,0.2991364896297455,-0.23974677920341492,0.9529169797897339,0.44229185581207275,0.2985362112522125,-0.24055728316307068,0.9576535224914551,0.43413692712783813,0.2980119585990906,-0.24095237255096436,0.9694424867630005,0.42153722047805786,0.30001336336135864,-0.023938782513141632,0.9764152765274048,0.3872441053390503,0.29862624406814575,-0.25601083040237427,0.9416152238845825,0.45450395345687866,0.3286029100418091,-0.1364830583333969,0.9749716520309448,0.4455488324165344,0.3294318616390228,-0.20862001180648804,0.9675196409225464,0.4651029407978058,0.3665676414966583,0.13694843649864197,0.9998120665550232,0.2577308714389801,0.3812444508075714,-0.28065207600593567,0.9993457794189453,0.6189129948616028,0.40068382024765015,0.09251872450113297,0.11758190393447876,0.3191016614437103,0.4816458523273468,-0.41017407178878784,0.8951300382614136,0.6939812898635864,0.34017589688301086,-0.24162940680980682,0.20837397873401642,0.41670045256614685,0.3782818615436554,-0.43802839517593384,0.7771799564361572,0.7262108325958252,0.325882226228714,-0.28175580501556396,0.23835189640522003,0.45116081833839417,0.35170698165893555,-0.4904365837574005,0.7298605442047119,0.7074943780899048,0.3173545002937317,-0.3213644325733185,0.2346775382757187,0.42493924498558044,0.34184935688972473,-0.48813918232917786,0.7114576101303101,0.6940778493881226,0.32321467995643616,-0.2656681537628174,0.20577943325042725,0.41911548376083374,0.3513530194759369,-0.4421824812889099,0.599010169506073,0.4432913661003113,0.6134560108184814,0.14382828772068024,0.9999513626098633,0.3048267662525177,0.6337782144546509,-0.14422577619552612,0.9999427795410156,0.5774434208869934,0.7087497115135193,0.3987715244293213,0.2520589232444763,0.2334441840648651,0.7883087396621704,-0.15654879808425903,0.8607914447784424,0.6136402487754822,0.8263211846351624,0.7999908924102783,0.6751930713653564,0.15119732916355133,0.9161403179168701,0.05633917078375816,0.9288480877876282,0.5931006073951721,0.8506803512573242,0.8280751705169678,0.6394907236099243,0.12707605957984924,0.9320334196090698,0.07238750159740448,0.658883273601532,0.7370957136154175,0.8736044764518738,0.6880701184272766,0.7755531668663025,0.1949288249015808,0.9903695583343506,-0.14109037816524506,0.8982604742050171
19,1.2666666666666666,0.5143641829490662,0.32759079337120056,-0.2812823951244354,0.9533966779708862,0.5006953477859497,0.31269407272338867,-0.25816810131073,0.9349993467330933,0.4996245503425598,0.311711847782135,-0.25903603434562683,0.9308890700340271,0.4994691014289856,0.31080248951911926,-0.2591155767440796,0.9588918685913086,0.4896300137042999,0.3124571442604065,-0.29359903931617737,0.9500696063041687,0.4807465076446533,0.3114902377128601,-0.2943907678127289,0.9558051228523254,0.47152644395828247,0.3110049366950989,-0.2948620021343231,0.9680206775665283,0.46681520342826843,0.3156887888908386,-0.08288080990314484,0.9724135398864746,0.42574021220207214,0.3161208927631378,-0.25617554783821106,0.9394147396087646,0.5000048875808716,0.3407222628593445,-0.20450033247470856,0.9701046347618103,0.48637694120407104,0.3410864472389221,-0.25551900267601013,0.9638397097587585,0.535574734210968,0.3677220344543457,0.07422992587089539,0.9997191429138184,0.303419291973114,0.3862851560115814,-0.2789416015148163,0.9991341233253479,0.719511091709137,0.33840399980545044,0.020716579630970955,0.1560373157262802,0.3368343114852905,0.4955766499042511,-0.525667130947113,0.8889835476875305,0.9177836179733276,0.31093543767929077,-0.2426859587430954,0.2302423119544983,0.43918082118034363,0.3882102966308594,-0.8385571837425232,0.7909733057022095,0.9793916940689087,0.3047672510147095,-0.281780868768692,0.254123717546463,0.4675481915473938,0.3644537925720215,-0.9250546097755432,0.7471146583557129,0.9886263012886047,0.3064512312412262,-0.326066792011261,0.2538393437862396,0.44357964396476746,0.3502802848815918,-0.9171994924545288,0.730831503868103,0.9677256941795349,0.31271567940711975,-0.27580520510673523,0.2300967574119568,0.4415016770362854,0.36029893159866333,-0.8481743335723877,0.6231009364128113,0.46148478984832764,0.618320882320404,0.12972666323184967,0.9998815059661865,0.31968143582344055,0.6343144774436951,-0.1301443725824356,0.9998525977134705,0.6112041473388672,0.7090321779251099,0.4023330807685852,0.28980955481529236,0.23806381225585938,0.7946247458457947,-0.1475677192211151,0.8695023059844971,0.6253014206886292,0.8272134065628052,0.8090234398841858,0.6852538585662842,0.15120665729045868,0.9161543250083923,0.10732578486204147,0.9306660890579224,0.6012969613075256,0.8510023951530457,0.8367019891738892,0.6422868967056274,0.1279246211051941,0.9314459562301636,0.12657633423805237,0.6597826480865479,0.7546403408050537,0.8741455674171448,0.6594115495681763,0.7749158143997192,0.1953609436750412,0.9902867674827576,-0.12048770487308502,0.8980436325073242
20,1.3333333333333333,0.5414068698883057,0.34358662366867065,-0.47814345359802246,0.9573001265525818,0.5322989225387573,0.3290850520133972,-0.44794219732284546,0.9397565126419067,0.5308424234390259,0.3281947374343872,-0.4487595856189728,0.9357084631919861,0.5301982760429382,0.32724887132644653,-0.4488564431667328,0.9613031148910522,0.5197644829750061,0.32959672808647156,-0.4907602369785309,0.9543133974075317,0.5110269784927368,0.3289409875869751,-0.491502583026886,0.9596914052963257,0.5011117458343506,0.32848629355430603,-0.4920053482055664,0.9708212018013,0.49876126646995544,0.3316804766654968,-0.23083269596099854,0.9742365479469299,0.4486291706562042,0.3328785300254822,-0.42247146368026733,0.9447052478790283,0.5300250053405762,0.3556133508682251,-0.38437309861183167,0.9720792174339294,0.517320990562439,0.3564503490924835,-0.44542407989501953,0.9667553305625916,0.5611887574195862,0.37166067957878113,-0.024909019470214844,0.9996913075447083,0.3163520097732544,0.4016309082508087,-0.44653916358947754,0.9991490840911865,0.7576923370361328,0.35087865591049194,-0.06228164955973625,0.20294001698493958,0.3453751504421234,0.5129528045654297,-0.8471422791481018,0.8944171667098999,0.9457345604896545,0.3015129864215851,-0.3258587419986725,0.2547261118888855,0.4530646800994873,0.40753141045570374,-1.2733184099197388,0.8099858164787292,1.0031040906906128,0.29892247915267944,-0.35744616389274597,0.2725163400173187,0.4782712757587433,0.38468343019485474,-1.3994085788726807,0.7698754668235779,1.0096120834350586,0.2975088357925415,-0.41447505354881287,0.275217741727829,0.46235814690589905,0.3695392906665802,-1.3844332695007324,0.7552560567855835,0.9883584380149841,0.30240708589553833,-0.3595835268497467,0.2562383711338043,0.45923295617103577,0.38004207611083984,-1.2840818166732788,0.6555548310279846,0.4835931658744812,0.6243460178375244,0.13846075534820557,0.9998584985733032,0.34280145168304443,0.6390246748924255,-0.1386873573064804,0.9998335838317871,0.6461902856826782,0.7125744223594666,0.2959778308868408,0.35082587599754333,0.24266277253627777,0.8021293878555298,-0.17710095643997192,0.8809148669242859,0.6313308477401733,0.8283277153968811,0.8171514868736267,0.7049035429954529,0.15078392624855042,0.9161514043807983,0.13834045827388763,0.9357224106788635,0.5990087985992432,0.8515819907188416,0.8752548694610596,0.6605614423751831,0.12686532735824585,0.9312614798545837,0.15755808353424072,0.6741137504577637,0.7511213421821594,0.8746078014373779,0.6931113004684448,0.7842217087745667,0.19100669026374817,0.9888315200805664,-0.12390591949224472,0.903165876865387
21,1.4,0.5329172015190125,0.3503967821598053,-0.35704505443573,0.960979700088501,0.5218786597251892,0.33341681957244873,-0.330467164516449,0.9446998238563538,0.5215866565704346,0.3326371908187866,-0.33137640357017517,0.9409460425376892,0.5219177007675171,0.3317728340625763,-0.3314822018146515,0.964436948299408,0.5102241635322571,0.33359119296073914,-0.3779698312282562,0.9582017064094543,0.501419186592102,0.3329445719718933,-0.3787076473236084,0.9631191492080688,0.49183139204978943,0.3325864374637604,-0.37914422154426575,0.9732815027236938,0.49536168575286865,0.33571726083755493,-0.1450490951538086,0.9763337969779968,0.44750353693962097,0.33605140447616577,-0.3681202232837677,0.948895275592804,0.52109295129776,0.3614884912967682,-0.27404436469078064,0.9743058085441589,0.5087147355079651,0.36260494589805603,-0.34133803844451904,0.9694338440895081,0.5636107325553894,0.3736528754234314,0.02768494002521038,0.9997134804725647,0.3203527629375458,0.4032314419746399,-0.35744890570640564,0.999184787273407,0.7471508979797363,0.37601280212402344,-0.006363019347190857,0.25477319955825806,0.3599039316177368,0.5170034766197205,-0.8439773321151733,0.893783450126648,0.8808555006980896,0.313947468996048,-0.2358141541481018,0.31409260630607605,0.46866390109062195,0.4081170856952667,-0.9120083451271057,0.8240227103233337,0.9308931231498718,0.30217090249061584,-0.26594191789627075,0.32613760232925415,0.492735892534256,0.3856312930583954,-1.0030720233917236,0.7870547771453857,0.9296998381614685,0.2981398403644562,-0.31822389364242554,0.3298586308956146,0.4766073226928711,0.371834397315979,-0.9975422620773315,0.7738496661186218,0.9125088453292847,0.30351588129997253,-0.2649729549884796,0.31167930364608765,0.47334474325180054,0.3823357820510864,-0.9221165776252747,0.6790761947631836,0.49832460284233093,0.6256640553474426,0.13892018795013428,0.9998600482940674,0.35723456740379333,0.6411844491958618,-0.13917523622512817,0.9998332858085632,0.6508017182350159,0.714758038520813,0.26045817136764526,0.39303722977638245,0.2554875314235687,0.8022180795669556,-0.18774887919425964,0.88938969373703,0.6315703988075256,0.8288902640342712,0.7621517181396484,0.7024072408676147,0.1510690301656723,0.9167155623435974,0.037377070635557175,0.9377989172935486,0.59510737657547,0.8509659171104431,0.8051688075065613,0.6594511866569519,0.12697137892246246,0.9312783479690552,0.0523570291697979,0.6773026585578918,0.7507021427154541,0.8750406503677368,0.6626992225646973,0.7764163017272949,0.1912231147289276,0.9892750382423401,-0.20169290900230408,0.9035913944244385
22,1.4666666666666666,0.5220534801483154,0.34762388467788696,-0.3172277510166168,0.9645748734474182,0.5117782950401306,0.33261314034461975,-0.3119980990886688,0.9498000144958496,0.5121800899505615,0.3316064178943634,-0.3128846287727356,0.9463568329811096,0.513221025466919,0.3304547667503357,-0.31292039155960083,0.9676935076713562,0.49943745136260986,0.3315806984901428,-0.36681708693504333,0.962070107460022,0.48950958251953125,0.3298359513282776,-0.3676738142967224,0.9665048122406006,0.47960636019706726,0.32844051718711853,-0.36823996901512146,0.9757184386253357,0.48145169019699097,0.3302974998950958,-0.04912777245044708,0.9784950017929077,0.43354570865631104,0.33003348112106323,-0.27993831038475037,0.9533876776695251,0.5135186910629272,0.36117398738861084,-0.27213460206985474,0.9766519665718079,0.49676692485809326,0.36087754368782043,-0.3317412734031677,0.9722195267677307,0.5355390310287476,0.3739083409309387,0.127219095826149,0.9997357130050659,0.30953842401504517,0.40135085582733154,-0.2877771854400635,0.9992349743843079,0.6789301633834839,0.3856680989265442,0.055303312838077545,0.3033961355686188,0.3619230389595032,0.5100687742233276,-0.6942419409751892,0.8963555097579956,0.7717268466949463,0.3318156599998474,-0.28071847558021545,0.37378114461898804,0.4592653512954712,0.4018106758594513,-0.8515415191650391,0.8375937938690186,0.8071991205215454,0.3191204071044922,-0.3278304934501648,0.3822908103466034,0.4834255874156952,0.3796394467353821,-0.9430790543556213,0.8033221960067749,0.8024277091026306,0.3131355941295624,-0.367103636264801,0.3858382999897003,0.4620152711868286,0.37027427554130554,-0.9315285682678223,0.7911156415939331,0.787993848323822,0.3190422058105469,-0.3063834309577942,0.36730214953422546,0.45823225378990173,0.38131648302078247,-0.8589309453964233,0.7015490531921387,0.49543410539627075,0.6252065300941467,0.1423885077238083,0.9998680949211121,0.3533950746059418,0.6406420469284058,-0.142578125,0.9998430609703064,0.6315663456916809,0.716069757938385,0.2972237467765808,0.43367817997932434,0.25933900475502014,0.8014116883277893,-0.22691622376441956,0.8986658453941345,0.6293156147003174,0.8281665444374084,0.9124671816825867,0.716160774230957,0.15296289324760437,0.9165053963661194,-0.037695884704589844,0.9422998428344727,0.5983505249023438,0.8503882884979248,0.9548059701919556,0.6688771843910217,0.12774813175201416,0.9306989312171936,-0.025962043553590775,0.6905388236045837,0.7485979199409485,0.8752683997154236,0.8107261061668396,0.7853193879127502,0.19143499433994293,0.9885466694831848,-0.291983038187027,0.9096236228942871
23,1.5333333333333334,0.5069423317909241,0.3260793685913086,-0.27223336696624756,0.9647477865219116,0.4977255165576935,0.3083963394165039,-0.24069653451442719,0.9497880935668945,0.49718183279037476,0.3072288930416107,-0.24158233404159546,0.9462858438491821,0.49713999032974243,0.3058467507362366,-0.24150460958480835,0.9676123857498169,0.4866628050804138,0.3090030252933502,-0.30680516362190247,0.9622124433517456,0.4780035614967346,0.3085225224494934,-0.3074769973754883,0.9665263295173645,0.46808314323425293,0.3084910213947296,-0.30793800950050354,0.975574254989624,0.46472251415252686,0.310259610414505,-0.008418618701398373,0.9783539175987244,0.4231947958469391,0.3124607801437378,-0.2824805974960327,0.9531696438789368,0.49639883637428284,0.3363892734050751,-0.19286777079105377,0.9775763154029846,0.4817298352718353,0.33802059292793274,-0.28184887766838074,0.9734632968902588,0.5092538595199585,0.36809590458869934,0.1548013687133789,0.9997459053993225,0.3009839355945587,0.38597530126571655,-0.29245463013648987,0.9992570281028748,0.6212732195854187,0.4202842116355896,-0.06686654686927795,0.31919246912002563,0.360379159450531,0.48729702830314636,-0.6896800398826599,0.8962510824203491,0.631760835647583,0.3497074246406555,-0.6667978167533875,0.4064912497997284,0.4539918899536133,0.38880035281181335,-0.9443422555923462,0.845018208026886,0.6336045861244202,0.3247718811035156,-0.750596284866333,0.4145607054233551,0.47825393080711365,0.36529678106307983,-1.0510281324386597,0.8122548460960388,0.6200896501541138,0.31604522466659546,-0.7648462057113647,0.417135089635849,0.45762476325035095,0.35327085852622986,-1.0277713537216187,0.800473153591156,0.610125720500946,0.31968259811401367,-0.6863381862640381,0.3927306830883026,0.451987624168396,0.3630708158016205,-0.9459684491157532,0.7112172245979309,0.4807168245315552,0.6196340918540955,0.1628347635269165,0.9998717904090881,0.343873530626297,0.6330096125602722,-0.16310976445674896,0.9998493790626526,0.6197408437728882,0.7169027328491211,0.6316713094711304,0.43039026856422424,0.25694090127944946,0.7908583283424377,-0.2778818905353546,0.904449462890625,0.6302297115325928,0.8257383704185486,1.1936227083206177,0.723482072353363,0.15539030730724335,0.9166843891143799,-0.10519401729106903,0.9453927278518677,0.601292073726654,0.8485308885574341,1.2330999374389648,0.6696218252182007,0.13089090585708618,0.9315611124038696,-0.09681076556444168,0.6912682056427002,0.7466383576393127,0.8752825856208801,1.056023120880127,0.7894633412361145,0.19676841795444489,0.9889175891876221,-0.3990512192249298,0.9136806726455688
24,1.6,0.46894770860671997,0.3176705539226532,-0.24710923433303833,0.9613446593284607,0.4616938531398773,0.30014467239379883,-0.21465125679969788,0.945095419883728,0.4603455662727356,0.29946038126945496,-0.2155391424894333,0.9415681958198547,0.4590790271759033,0.29857131838798523,-0.21545317769050598,0.964952826499939,0.4524545669555664,0.3000495433807373,-0.2878090441226959,0.9579797387123108,0.44141069054603577,0.29917818307876587,-0.2884696125984192,0.9622030258178711,0.4292040765285492,0.2984461188316345,-0.2889023423194885,0.9723459482192993,0.4194899797439575,0.29858291149139404,-0.0040241810493171215,0.9761185646057129,0.3826051950454712,0.29837435483932495,-0.30346041917800903,0.947270393371582,0.4541352093219757,0.32932838797569275,-0.16088928282260895,0.9766476154327393,0.43946319818496704,0.32960641384124756,-0.26384004950523376,0.972412645816803,0.45609188079833984,0.36519986391067505,0.15852122008800507,0.9997506737709045,0.2552753686904907,0.37015658617019653,-0.3539941906929016,0.9992271661758423,0.5194080471992493,0.45197275280952454,-0.0690925270318985,0.3174338936805725,0.35474926233291626,0.47112518548965454,-0.656127393245697,0.8822891116142273,0.5411827564239502,0.359264075756073,-0.6408789157867432,0.41790109872817993,0.44460028409957886,0.3678686022758484,-0.7584986686706543,0.8235097527503967,0.5366989374160767,0.33031514286994934,-0.7162025570869446,0.4281092584133148,0.4764932096004486,0.34983378648757935,-0.8351805210113525,0.7876797318458557,0.5244219899177551,0.3170710802078247,-0.7264916896820068,0.42931807041168213,0.4572245478630066,0.33894219994544983,-0.8030937314033508,0.7743170261383057,0.517107367515564,0.32352414727211,-0.6583958268165588,0.39880678057670593,0.4503939747810364,0.3458905816078186,-0.750663161277771,0.6806144118309021,0.46676361560821533,0.615115225315094,0.17538805305957794,0.9998763203620911,0.3194785714149475,0.6296042203903198,-0.17575028538703918,0.9998553395271301,0.577620267868042,0.7142205834388733,0.6605644226074219,0.41837596893310547,0.25290432572364807,0.7778381109237671,-0.24414828419685364,0.9052774310112,0.6225341558456421,0.8233065009117126,1.1599881649017334,0.7253818511962891,0.15637801587581635,0.9162470698356628,0.024055231362581253,0.9456726312637329,0.5935662984848022,0.8474781513214111,1.1946651935577393,0.6638590097427368,0.13337260484695435,0.9313688278198242,0.043078478425741196,0.6801521182060242,0.7400221824645996,0.8753133416175842,1.0086758136749268,0.7890654802322388,0.195728600025177,0.9889821410179138,-0.34562161564826965,0.9122118353843689
25,1.6666666666666667,0.4339761435985565,0.3125254213809967,-0.24806906282901764,0.9625688195228577,0.42660751938819885,0.2947902977466583,-0.21668945252895355,0.9474775195121765,0.42444247007369995,0.2939419150352478,-0.21757899224758148,0.9441945552825928,0.42194873094558716,0.29288724064826965,-0.21752046048641205,0.9666019082069397,0.4193735420703888,0.29458773136138916,-0.29120975732803345,0.9595428109169006,0.40859752893447876,0.2934362590312958,-0.29187509417533875,0.9635021686553955,0.39681532979011536,0.2923034429550171,-0.29228001832962036,0.9732314348220825,0.37904298305511475,0.29215309023857117,-0.01534346304833889,0.977215051651001,0.3476736843585968,0.29155781865119934,-0.3492757976055145,0.948979377746582,0.4177655279636383,0.3256998360157013,-0.16261495649814606,0.9775631427764893,0.4058229625225067,0.3249724507331848,-0.26532721519470215,0.9734581112861633,0.3935047388076782,0.3633117079734802,0.1469651609659195,0.9997572898864746,0.2263125479221344,0.36574894189834595,-0.410733163356781,0.999224841594696,0.4602404832839966,0.46201035380363464,-0.07050579786300659,0.30464720726013184,0.34931159019470215,0.4696001410484314,-0.6740849018096924,0.8784639835357666,0.49912145733833313,0.3606216013431549,-0.6046538352966309,0.4148033857345581,0.4354149103164673,0.3569353520870209,-0.7555292248725891,0.8168970942497253,0.505135715007782,0.33203694224357605,-0.6751752495765686,0.4303586483001709,0.4658489227294922,0.3398633599281311,-0.8294414281845093,0.7793555855751038,0.4921920895576477,0.31831440329551697,-0.68690425157547,0.43040594458580017,0.4393259584903717,0.3287545442581177,-0.7992609739303589,0.7651546597480774,0.48286378383636475,0.3244263827800751,-0.6226944923400879,0.39545130729675293,0.43318238854408264,0.3360132873058319,-0.7485928535461426,0.6676048636436462,0.433061808347702,0.6073303818702698,0.17937806248664856,0.9998817443847656,0.29911690950393677,0.6226438879966736,-0.17976045608520508,0.9998624920845032,0.5421886444091797,0.7089188694953918,0.6261441707611084,0.4184330701828003,0.24517492949962616,0.7746837139129639,-0.2205728441476822,0.908011794090271,0.5693013668060303,0.8239472508430481,1.0851527452468872,0.7357491254806519,0.15664544701576233,0.9159641265869141,0.05190843716263771,0.947503924369812,0.5435637831687927,0.8478075861930847,1.1168636083602905,0.6740941405296326,0.13391625881195068,0.9313425421714783,0.07353396713733673,0.6855527758598328,0.6915172338485718,0.8765565156936646,0.9447270035743713,0.7969329357147217,0.19587580859661102,0.9901333451271057,-0.2504097521305084,0.9146473407745361
26,1.7333333333333334,0.41313835978507996,0.30962294340133667,-0.24177679419517517,0.9628095030784607,0.4053254723548889,0.2920420467853546,-0.21646694839000702,0.9484387040138245,0.4023679494857788,0.29125621914863586,-0.2173839658498764,0.9455834031105042,0.39953967928886414,0.2902856767177582,-0.21732652187347412,0.9674181342124939,0.39847949147224426,0.2916204631328583,-0.29071804881095886,0.9600376486778259,0.3891761600971222,0.2904118299484253,-0.2913894057273865,0.9640234112739563,0.3803425431251526,0.2891765236854553,-0.29178282618522644,0.9735386371612549,0.35232359170913696,0.2903577983379364,-0.04110743850469589,0.9777598977088928,0.32410457730293274,0.2898690402507782,-0.3755641281604767,0.9498037099838257,0.39684465527534485,0.3236142694950104,-0.16300290822982788,0.9776379466056824,0.3883046805858612,0.32249388098716736,-0.2646029591560364,0.9735785126686096,0.35292211174964905,0.3628321886062622,0.10326144844293594,0.9997610449790955,0.20992785692214966,0.36804693937301636,-0.4411315619945526,0.9992401003837585,0.4268203377723694,0.4607008397579193,-0.1050819382071495,0.2835671305656433,0.3488728404045105,0.46838709712028503,-0.6625450849533081,0.8796870708465576,0.458957314491272,0.3768251836299896,-0.5960825681686401,0.39471933245658875,0.4248415231704712,0.35634496808052063,-0.6371604800224304,0.8207149505615234,0.4703935384750366,0.34950777888298035,-0.6600399613380432,0.41681140661239624,0.4507884979248047,0.33780378103256226,-0.6938725113868713,0.7845998406410217,0.45762285590171814,0.33699384331703186,-0.6679385900497437,0.41612058877944946,0.42659255862236023,0.328359454870224,-0.673525333404541,0.7707707285881042,0.4486573338508606,0.34245142340660095,-0.6116483807563782,0.3799958825111389,0.4187786281108856,0.33457183837890625,-0.6318965554237366,0.6726746559143066,0.40238621830940247,0.6062240600585938,0.17715558409690857,0.9998840689659119,0.2869398593902588,0.6230035424232483,-0.17753903567790985,0.9998666644096375,0.496748149394989,0.7059074640274048,0.5813570618629456,0.40510034561157227,0.23935388028621674,0.7731853127479553,-0.20475484430789948,0.9074715375900269,0.5307366847991943,0.8275333046913147,0.965061366558075,0.7379083037376404,0.1567060798406601,0.9174516201019287,-0.046667587012052536,0.9481284618377686,0.5060425400733948,0.8566855192184448,0.9860100150108337,0.6804310083389282,0.1337926834821701,0.9345792531967163,-0.03777661174535751,0.6902443766593933,0.6550206542015076,0.8765010833740234,0.8680493831634521,0.7999136447906494,0.19687435030937195,0.9929883480072021,-0.2677430212497711,0.9159998893737793
27,1.8,0.40129369497299194,0.3097907304763794,-0.2021493762731552,0.959793210029602,0.3898006081581116,0.291828989982605,-0.1873200535774231,0.9452832341194153,0.3859180212020874,0.29124292731285095,-0.18827968835830688,0.9434330463409424,0.3823796212673187,0.29055941104888916,-0.18816323578357697,0.9659676551818848,0.3856413662433624,0.29134172201156616,-0.258906751871109,0.9568920135498047,0.37764349579811096,0.2903333306312561,-0.25965580344200134,0.9616134762763977,0.3677505552768707,0.28938010334968567,-0.260032594203949,0.9716863036155701,0.33878839015960693,0.2899777293205261,-0.043218471109867096,0.9768146872520447,0.3144988417625427,0.28937068581581116,-0.3664914071559906,0.947857141494751,0.38078415393829346,0.32381945848464966,-0.13741625845432281,0.9757509231567383,0.3745342493057251,0.32314032316207886,-0.23635943233966827,0.9712410569190979,0.33517691493034363,0.3635081946849823,0.09638097882270813,0.9997534155845642,0.20534811913967133,0.3688027560710907,-0.44212862849235535,0.9992325305938721,0.3981543481349945,0.4668879806995392,-0.10060692578554153,0.26091188192367554,0.3485821485519409,0.469124436378479,-0.538648784160614,0.883698582649231,0.4331675171852112,0.3901028037071228,-0.5682927370071411,0.3672062158584595,0.4161066710948944,0.3599713444709778,-0.3711024224758148,0.822455108165741,0.44759950041770935,0.3664759397506714,-0.6280268430709839,0.3939792513847351,0.44024088978767395,0.3393832743167877,-0.4063422381877899,0.7869175672531128,0.43340936303138733,0.3518393933773041,-0.6323202252388,0.3930426239967346,0.41566717624664307,0.3300659954547882,-0.39098191261291504,0.7737095355987549,0.424868643283844,0.3553656041622162,-0.5819295048713684,0.35794132947921753,0.4081233739852905,0.336299866437912,-0.3640625476837158,0.6750940084457397,0.3838374614715576,0.6075562238693237,0.17592115700244904,0.9998854994773865,0.27785947918891907,0.6244164705276489,-0.17631100118160248,0.9998700022697449,0.4544673562049866,0.7155320644378662,0.6108928918838501,0.38586658239364624,0.23656977713108063,0.7745139002799988,-0.1961863487958908,0.9095795154571533,0.5195030570030212,0.8314173221588135,0.9703438878059387,0.7402483224868774,0.15668383240699768,0.9188700914382935,-0.021669326350092888,0.9496254920959473,0.4982353150844574,0.8634987473487854,0.9864932298660278,0.6875293850898743,0.132843017578125,0.937537431716919,-0.010462161153554916,0.6986144781112671,0.6462200284004211,0.8754476308822632,0.8797374963760376,0.8049330115318298,0.20041999220848083,0.9937337636947632,-0.22801350057125092,0.9191011786460876
28,1.8666666666666667,0.3958245515823364,0.3094434142112732,-0.20704048871994019,0.9579424858093262,0.3848373591899872,0.2916868031024933,-0.18963079154491425,0.943946897983551,0.38112568855285645,0.29113882780075073,-0.19060054421424866,0.9426613450050354,0.3773268461227417,0.29056188464164734,-0.1904604136943817,0.9653981328010559,0.38087743520736694,0.2913071811199188,-0.2599130868911743,0.9552204608917236,0.3724847435951233,0.29042208194732666,-0.2606772780418396,0.9602872729301453,0.36244770884513855,0.2896939218044281,-0.2610279321670532,0.9706781506538391,0.3355034589767456,0.290002703666687,-0.043136097490787506,0.9756965637207031,0.3114386796951294,0.28975775837898254,-0.361322820186615,0.9460439085960388,0.37550702691078186,0.3239750862121582,-0.13756631314754486,0.9719092845916748,0.3697102963924408,0.3236483037471771,-0.23517069220542908,0.9667097926139832,0.32346057891845703,0.3640814423561096,0.09845922142267227,0.9997212290763855,0.20600198209285736,0.3698217570781708,-0.43347641825675964,0.9991312623023987,0.37589290738105774,0.4647200405597687,-0.10299354046583176,0.23706386983394623,0.3583209812641144,0.4674922227859497,-0.4408394694328308,0.8734042644500732,0.41495633125305176,0.40014222264289856,-0.6143963932991028,0.33459892868995667,0.41480475664138794,0.36137741804122925,-0.17873498797416687,0.7974600791931152,0.42787379026412964,0.3875260353088379,-0.6832848787307739,0.36286187171936035,0.4335083067417145,0.33963078260421753,-0.20109927654266357,0.7649122476577759,0.41092631220817566,0.36574822664260864,-0.6890165209770203,0.36215049028396606,0.4090092182159424,0.33114486932754517,-0.1975536346435547,0.752699077129364,0.403977632522583,0.37035924196243286,-0.6310770511627197,0.32962992787361145,0.40094515681266785,0.3377300798892975,-0.1741795688867569,0.6520991325378418,0.3773473799228668,0.6081985235214233,0.17520923912525177,0.999888002872467,0.2752886414527893,0.6245265603065491,-0.17562837898731232,0.9998728036880493,0.44559502601623535,0.7240852117538452,0.5865969061851501,0.3643453121185303,0.2360665202140808,0.7753482460975647,-0.18639704585075378,0.9070379137992859,0.5165268182754517,0.8342221975326538,0.9442795515060425,0.7350680232048035,0.1566651314496994,0.9189739227294922,-0.003153368132188916,0.9485347867012024,0.49735796451568604,0.8662339448928833,0.9657507538795471,0.6863166689872742,0.13138847053050995,0.9375059604644775,0.007241243962198496,0.6963282227516174,0.6435161828994751,0.8753744959831238,0.8533928394317627,0.8044574856758118,0.20217396318912506,0.9938550591468811,-0.165281742811203,0.9185992479324341
29,1.9333333333333333,0.3981077969074249,0.3093075454235077,-0.1807662695646286,0.9602104425430298,0.3877697288990021,0.2916637361049652,-0.1714337170124054,0.9476158618927002,0.38400161266326904,0.29110652208328247,-0.1724908947944641,0.9467039704322815,0.38021281361579895,0.290488600730896,-0.1722906082868576,0.9676645398139954,0.3836776614189148,0.29135215282440186,-0.24035514891147614,0.9577642679214478,0.3765455484390259,0.2905586361885071,-0.2410980761051178,0.9627931714057922,0.36847084760665894,0.28990989923477173,-0.24147051572799683,0.9724151492118835,0.336866557598114,0.2898692488670349,-0.052971724420785904,0.9774922728538513,0.3188161253929138,0.2901478707790375,-0.36652871966362,0.9496117234230042,0.37841925024986267,0.324144184589386,-0.12306512147188187,0.9731850624084473,0.3740266263484955,0.32400423288345337,-0.21826781332492828,0.9677881002426147,0.3012120723724365,0.3642871677875519,0.06991897523403168,0.9997358918190002,0.22810018062591553,0.3704012632369995,-0.4446250796318054,0.9991728663444519,0.33019596338272095,0.48179012537002563,0.008850624784827232,0.2165365070104599,0.37581315636634827,0.4691057801246643,-0.5071350336074829,0.8829486966133118,0.38061460852622986,0.575920820236206,-0.26437875628471375,0.30377548933029175,0.4153718650341034,0.36213287711143494,-0.35803356766700745,0.8127798438072205,0.39221256971359253,0.6025726795196533,-0.28918054699897766,0.3304383456707001,0.432910680770874,0.33959832787513733,-0.39922034740448,0.7815417051315308,0.38540613651275635,0.5990332365036011,-0.3170146942138672,0.329673707485199,0.4091442823410034,0.3317616879940033,-0.381760835647583,0.769944965839386,0.37831154465675354,0.5891740918159485,-0.28064486384391785,0.30016711354255676,0.40176698565483093,0.3386553227901459,-0.3499598801136017,0.6732321977615356,0.3744211792945862,0.6084784865379333,0.16519565880298615,0.999896764755249,0.27727025747299194,0.6287833452224731,-0.16572342813014984,0.9998827576637268,0.4435419738292694,0.7266247272491455,0.600845217704773,0.3815291225910187,0.23520836234092712,0.7762668132781982,0.001733776181936264,0.912895917892456,0.5148987174034119,0.8357412815093994,0.9665578603744507,0.7521594166755676,0.1566568911075592,0.9189915060997009,0.3038961589336395,0.951776921749115,0.4968961775302887,0.8674551844596863,0.9893277883529663,0.7034766674041748,0.1305283159017563,0.9374551177024841,0.33108824491500854,0.7124723196029663,0.638627827167511,0.8755245208740234,0.8811576962471008,0.8179769515991211,0.20209702849388123,0.9936011433601379,0.161912739276886,0.9239076375961304
30,2.0,0.4013524651527405,0.3097686767578125,-0.1378893405199051,0.9598637819290161,0.39248937368392944,0.29252737760543823,-0.13419702649116516,0.9488363862037659,0.3881497085094452,0.2919566333293915,-0.13526926934719086,0.9480627179145813,0.38340380787849426,0.2912693917751312,-0.13507550954818726,0.9684282541275024,0.3895843029022217,0.2922173738479614,-0.2039218246936798,0.9579149484634399,0.38253363966941833,0.29146164655685425,-0.20465457439422607,0.963076651096344,0.3742952346801758,0.2908092141151428,-0.20502842962741852,0.972808837890625,0.34066644310951233,0.2896709442138672,-0.049603670835494995,0.9781776666641235,0.3246440291404724,0.2906791567802429,-0.36174991726875305,0.9506121277809143,0.3804171085357666,0.32471996545791626,-0.08682423084974289,0.9718818664550781,0.3772958517074585,0.3246212601661682,-0.18258652091026306,0.9653734564781189,0.26389095187187195,0.3671688735485077,0.07522439956665039,0.9997367262840271,0.25682181119918823,0.3709109425544739,-0.4386705160140991,0.9991998076438904,0.3055495023727417,0.4875023066997528,0.1163637638092041,0.1955857276916504,0.40345486998558044,0.47012028098106384,-0.4674724340438843,0.8885312080383301,0.3605482876300812,0.5790500044822693,-0.03148023784160614,0.27391090989112854,0.4254068434238434,0.3624647855758667,-0.20632554590702057,0.8200543522834778,0.3720124065876007,0.6022033095359802,-0.03538351133465767,0.29829227924346924,0.4382683336734772,0.33909809589385986,-0.22879087924957275,0.7871787548065186,0.3743501603603363,0.5997846722602844,-0.06924481689929962,0.2975807189941406,0.41432416439056396,0.33243781328201294,-0.20736192166805267,0.7755488157272339,0.3682922124862671,0.5915572047233582,-0.04720455780625343,0.27101707458496094,0.40715092420578003,0.3394641876220703,-0.19452132284641266,0.6775424480438232,0.36366915702819824,0.611807107925415,0.16320312023162842,0.9999045729637146,0.27915215492248535,0.6324481964111328,-0.16381867229938507,0.9998920559883118,0.4409183859825134,0.7260565161705017,0.5985795855522156,0.37246179580688477,0.23520240187644958,0.7764448523521423,0.05080211162567139,0.912971556186676,0.5126907825469971,0.8359581232070923,0.9479614496231079,0.7571244239807129,0.15664434432983398,0.9186562895774841,0.3286152780056,0.9524559378623962,0.49554288387298584,0.8676198720932007,0.9714584946632385,0.7115908265113831,0.13016392290592194,0.9372551441192627,0.3553636074066162,0.7190872430801392,0.6366286277770996,0.8752804398536682,0.8768495917320251,0.8225984573364258,0.2030986249446869,0.9919981360435486,0.20392698049545288,0.9252949953079224
31,2.066666666666667,0.4059377908706665,0.3103857636451721,-0.12908411026000977,0.9594451785087585,0.39693042635917664,0.293102502822876,-0.126404270529747,0.9496676921844482,0.39282092452049255,0.292409747838974,-0.12746533751487732,0.9490281939506531,0.3884349465370178,0.2915648818016052,-0.12726616859436035,0.9689080119132996,0.39332789182662964,0.2928500771522522,-0.19510185718536377,0.9580745697021484,0.3858380615711212,0.29201245307922363,-0.19585122168064117,0.9634665250778198,0.3766266703605652,0.2912426292896271,-0.19622427225112915,0.973291277885437,0.34598100185394287,0.2885819673538208,-0.04821591451764107,0.9786123633384705,0.32775264978408813,0.2902146577835083,-0.3591161370277405,0.9516671895980835,0.3855540454387665,0.32501453161239624,-0.07892798632383347,0.9706976413726807,0.3816784918308258,0.32499292492866516,-0.17331863939762115,0.9635387063026428,0.27569684386253357,0.3672857880592346,0.07331264764070511,0.9997395277023315,0.26912859082221985,0.3712922930717468,-0.43419507145881653,0.9992372393608093,0.3268028497695923,0.4862906336784363,0.10510406643152237,0.1766907274723053,0.42217573523521423,0.4702003598213196,-0.45741531252861023,0.8936269283294678,0.3722159266471863,0.5727227926254272,-0.054601673036813736,0.24695231020450592,0.44117555022239685,0.35915833711624146,-0.21292781829833984,0.8286271691322327,0.3840053379535675,0.593414843082428,-0.06267108023166656,0.2692611813545227,0.45215174555778503,0.3366355895996094,-0.23927006125450134,0.7956154346466064,0.38653677701950073,0.5894286632537842,-0.0940873846411705,0.26860350370407104,0.42784005403518677,0.3318007290363312,-0.21899427473545074,0.7841928601264954,0.3804290294647217,0.5816460251808167,-0.06991025805473328,0.24469764530658722,0.42062026262283325,0.33935391902923584,-0.20217804610729218,0.686042308807373,0.364792138338089,0.6120612025260925,0.15905454754829407,0.9999120235443115,0.2796599864959717,0.6327231526374817,-0.1596989631652832,0.9999009966850281,0.4452989101409912,0.7255887389183044,0.5953350067138672,0.35954582691192627,0.2358638495206833,0.7765974402427673,0.05032113194465637,0.9133593440055847,0.5127716064453125,0.8367999196052551,0.9406576752662659,0.7584989666938782,0.15667633712291718,0.9178946614265442,0.3218901753425598,0.9533413052558899,0.49446770548820496,0.8680493235588074,0.9651992321014404,0.7162507176399231,0.130123108625412,0.9363778829574585,0.3485793471336365,0.7260851860046387,0.6385846734046936,0.8753140568733215,0.873769998550415,0.826172947883606,0.20344099402427673,0.991424560546875,0.20095063745975494,0.9273479580879211
